user_id,token,datetime
0,abc123,2022-11-18 10:46:49
1,acb295,2022-11-18 10:46:49
2,dee163,2022-11-18 10:47:10
3,ykt193,2022-11-18 10:47:11
4,rnc541,2022-11-18 10:47:17
5,roc010,2022-11-18 10:50:43
6,ymq252,2022-11-18 10:53:31
7,trp762,2022-11-18 11:01:40
8,ddr082,2022-11-18 11:03:12
9,agp119,2022-11-18 11:03:12
10,hxd161,2022-11-18 11:23:13
11,tyz771,2022-11-18 11:23:16
12,dmy783,2022-11-18 11:33:10
13,gam262,2022-11-18 11:33:11
14,hrx346,2022-11-18 11:33:11
15,sqn280,2022-11-18 13:35:31
16,mzh456,2022-11-18 13:35:31
17,cyg761,2022-11-18 13:35:31
18,pda460,2022-11-18 14:48:15
